subgroup,period,count,denominator_all_threads,rate_all_threads_pct,denominator_c9_threads,rate_within_c9_pct
S1_post_injection_AE,overall,187,1989,9.401709401709402,304,61.51315789473685
S1_post_injection_AE,<=2009,4,62,6.451612903225806,7,57.14285714285714
S1_post_injection_AE,2010-2014,18,215,8.372093023255815,25,72.0
S1_post_injection_AE,2015-2019,52,667,7.796101949025487,80,65.0
S1_post_injection_AE,2020 onward,113,1045,10.813397129186603,192,58.854166666666664
S2_drug_food_interaction,overall,81,1989,4.072398190045249,304,26.644736842105267
S2_drug_food_interaction,<=2009,1,62,1.6129032258064515,7,14.285714285714285
S2_drug_food_interaction,2010-2014,8,215,3.7209302325581395,25,32.0
S2_drug_food_interaction,2015-2019,18,667,2.6986506746626686,80,22.5
S2_drug_food_interaction,2020 onward,54,1045,5.167464114832536,192,28.125
S3_other_ophth_postproc,overall,70,1989,3.519356460532931,304,23.026315789473685
S3_other_ophth_postproc,<=2009,1,62,1.6129032258064515,7,14.285714285714285
S3_other_ophth_postproc,2010-2014,6,215,2.7906976744186047,25,24.0
S3_other_ophth_postproc,2015-2019,17,667,2.548725637181409,80,21.25
S3_other_ophth_postproc,2020 onward,46,1045,4.401913875598086,192,23.958333333333336
S4_nonspecific_dx,overall,11,1989,0.5530417295123178,304,3.618421052631579
S4_nonspecific_dx,<=2009,1,62,1.6129032258064515,7,14.285714285714285
S4_nonspecific_dx,2010-2014,1,215,0.46511627906976744,25,4.0
S4_nonspecific_dx,2015-2019,2,667,0.29985007496251875,80,2.5
S4_nonspecific_dx,2020 onward,7,1045,0.6698564593301436,192,3.6458333333333335
S5_lifestyle_protective,overall,16,1989,0.8044243338360985,304,5.263157894736842
S5_lifestyle_protective,<=2009,0,62,0.0,7,0.0
S5_lifestyle_protective,2010-2014,0,215,0.0,25,0.0
S5_lifestyle_protective,2015-2019,6,667,0.8995502248875562,80,7.5
S5_lifestyle_protective,2020 onward,10,1045,0.9569377990430622,192,5.208333333333334
S6_caregiver_admin,overall,7,1989,0.35193564605329314,304,2.302631578947368
S6_caregiver_admin,<=2009,1,62,1.6129032258064515,7,14.285714285714285
S6_caregiver_admin,2010-2014,1,215,0.46511627906976744,25,4.0
S6_caregiver_admin,2015-2019,0,667,0.0,80,0.0
S6_caregiver_admin,2020 onward,5,1045,0.4784688995215311,192,2.604166666666667
S7_other,overall,38,1989,1.9105077928607341,304,12.5
S7_other,<=2009,2,62,3.225806451612903,7,28.57142857142857
S7_other,2010-2014,4,215,1.8604651162790697,25,16.0
S7_other,2015-2019,7,667,1.0494752623688157,80,8.75
S7_other,2020 onward,25,1045,2.3923444976076556,192,13.020833333333334
